variable,count,mean,std,min,25%,50%,75%,max,original
dummy1,1000.0,0.0002034316509797995,0.009630316200198824,-0.032065491638345,-0.006085538240421675,0.00016850446658585,0.0067700093536988745,0.0260585364616123,0.0054838103531183
dummy2,1000.0,0.000359195238212508,0.012252993448294567,-0.0353571693340058,-0.007854079131405725,0.00016766816211625,0.00903371353872535,0.034220836869134,0.006210378730193
x1,1000.0,0.07394764682283687,2.900591446283592,-8.608429979594796,-1.8116223723575229,0.13500157997063505,1.8798172955152634,28.20377047650049,28.20377047650049
x2,1000.0,0.38412345159603717,7.877945511815809,-20.124883441637927,-4.788739756430678,0.3457540080867392,5.48068117786215,75.04947651830933,75.04947651830933
x3,1000.0,0.06798451184767582,1.7087688186766194,-4.231192804482853,-1.0311777378471914,0.04156019029984465,1.1097656755707437,17.754243152395333,17.754243152395333
